<music>
    <producer id="NG">Nigel Godrich</producer>
    <company id="TT">Ticker Tape</company>
    <company id="TDB">TBD Records</company>
    <company id="HE">Hostess Entertainment</company>
    <company id="PR">Parlophone Records</company>
    <company id="CR">Capitol Records</company>
    <company id="GD">Go! Discs</company>
    <company id="IR">Island Records</company>
    <company id="MR">Mercury Records</company>
    <company id="UMJ">Universal Music Japan</company>
    <artist name="Radiohead">
        <album title="The King of Limbs" producer="NG">
            <song title="Bloom" length="5:15"/>
            <song title="Morning Mr Magpie" length="4:41"/>
            <song title="Little by Little" length="4:27"/>
            <song title="Feral" length="3:13"/>
            <song title="Lotus Flower" length="5:01"/>
            <song title="Codex" length="4:47"/>
            <song title="Give Up the Ghost" length="4:50"/>
            <song title="Separator" length="5:20"/>
            <release date="28/03/2011" country="UK" company="TT" medium="CD" />
            <release date="28/03/2011" country="UK" company="TT" medium="vinyl" />
            <release date="28/03/2011" country="US" company="TDB" medium="CD" />
            <release date="28/03/2011" country="US" company="TDB" medium="vinyl" />      
            <release date="28/03/2011" country="JP" company="HE" medium="CD" />      
            <release date="28/03/2011" country="JP" company="HE" medium="vinyl" />
        </album>
        <album title="OK Computer"  producer="NG">
            <song title="Airbag"  length="4:44"/>
            <song title="Paranoid Android"  length="6:23"/>
            <song title="Subterranean Homesick Alien"  length="4:27"/>
            <song title="Exit Music (For a Film)"  length="4:24"/>
            <song title="Let Down"  length="4:59"/>
            <song title="Karma Police"  length="4:21"/>
            <song title="Fitter Happier"  length="1:57"/>
            <song title="Electioneering"  length="3:50"/>
            <song title="Climbing Up the Walls"  length="4:45"/>
            <song title="No Surprises"  length="3:48"/>
            <song title="Lucky"  length="4:19"/>
            <song title="The Tourist"  length="5:24"/>
            <release date="16/06/1997" country="UK" company="P" medium="CD" />
            <release date="01/07/1997" country="US" company="CR" medium="CD" />
        </album>
    </artist>
    <artist name="Portishead">
        <album title="Dummy">
            <song title="Mysterons"  length="5:02"/>
            <song title="Sour Times"  length="4:11"/>
            <song title="Strangers"  length="3:55"/>
            <song title="It Could Be Sweet"  length="4:16"/>
            <song title="Wandering Star"  length="4:51"/>
            <song title="It's a Fire"  length="3:49"/>
            <song title="Numb"  length="3:54"/>
            <song title="Roads"  length="5:02"/>
            <song title="Pedestal"  length="3:39"/>
            <song title="Biscuit"  length="5:01"/>
            <song title="Glory Box"  length="5:06"/>
            <release date="22/08/1994" company="GD" medium="CD" />
        </album>
        <album title="Third">
            <song title="Silence"  length="4:58"/>
            <song title="Hunter"  length="3:57"/>
            <song title="Nylon Smile"  length="3:16"/>
            <song title="The Rip"  length="4:29"/>
            <song title="Plastic"  length="3:27"/>
            <song title="We Carry On"  length="6:27"/>
            <song title="Deep Water"  length="1:31"/>
            <song title="Machine Gun"  length="4:43"/>
            <song title="Small"  length="6:45"/>
            <song title="Magic Doors"  length="3:32"/>
            <song title="Threads"  length="5:45"/>
            <release date="27/04/2008" company="IR" country="UK" medium="CD" />
            <release date="29/04/2008" company="MR" country="US" medium="CD" />
            <release date="30/04/2008" company="UMJ" country="JP" medium="CD" />
        </album>
    </artist>
    <artist name="Tom Waits">
        <album title="Swordfishtrombones">
            <song title="Underground" length="1:58"/>
            <song title="Shore Leave" length="4:12"/>
            <song title="Dave the Butcher" length="2:15"/>
            <song title="Johnsburg, Illinois" length="1:30"/>
            <song title="16 Shells From a Thirty-Ought-Six" length="4:30"/>
            <song title="Town with No Cheer" length="4:22"/>
            <song title="In the Neighborhood" length="3:04"/>
            <song title="Just Another Sucker on the Vine" length="1:42"/>
            <song title="Frank's Wild Years" length="1:50"/>
            <song title="Swordfishtrombone" length="3:00"/>
            <song title="Down, Down, Down" length="2:10"/>
            <song title="Soldier's Things" length="3:15"/>
            <song title="Gin Soaked Boy" length="2:20"/>
            <song title="Trouble's Braids" length="1:18"/>
            <song title="Rainbirds" length="3:05"/>
            <release date="05/09/1983" company="IR" medium="vinyl" />
        </album>
    </artist>
</music>