<?xml version="1.0" encoding="UTF-8"?>
<project-private xmlns="http://www.netbeans.org/ns/project-private/1">
    <editor-bookmarks xmlns="http://www.netbeans.org/ns/editor-bookmarks/2" lastBookmarkId="0"/>
    <open-files xmlns="http://www.netbeans.org/ns/projectui-open-files/2">
        <group>
            <file>file:/C:/Users/Leen%20Brouns/Documents/3_gegtech/LABO/LABOS/labo2_DOM_XSLT-API/StratenOpgave/Straten/src/straten/bo/Straat.java</file>
            <file>file:/C:/Users/Leen%20Brouns/Documents/3_gegtech/LABO/LABOS/labo2_DOM_XSLT-API/StratenOpgave/Straten/src/straten/bo/Sector.java</file>
            <file>file:/C:/Users/Leen%20Brouns/Documents/3_gegtech/LABO/LABOS/labo2_DOM_XSLT-API/StratenOpgave/Straten/src/straten/Straten.java</file>
            <file>file:/C:/Users/Leen%20Brouns/Documents/3_gegtech/LABO/LABOS/labo2_DOM_XSLT-API/StratenOpgave/Straten/src/straten/bo/Gemeente.java</file>
            <file>file:/C:/Users/Leen%20Brouns/Documents/3_gegtech/LABO/LABOS/labo2_DOM_XSLT-API/StratenOpgave/Straten/src/straten/dummy/DummyGemeente.java</file>
            <file>file:/C:/Users/Leen%20Brouns/Documents/3_gegtech/LABO/LABOS/labo2_DOM_XSLT-API/StratenOpgave/Straten/src/straten/bo/StraatDeel.java</file>
            <file>file:/C:/Users/Leen%20Brouns/Documents/3_gegtech/LABO/LABOS/labo2_DOM_XSLT-API/StratenOpgave/Straten/src/straten/bo/Wijk.java</file>
            <file>file:/C:/Users/Leen%20Brouns/Documents/3_gegtech/LABO/LABOS/labo2_DOM_XSLT-API/StratenOpgave/Straten/src/straten/xml/XMLGemeente.java</file>
        </group>
    </open-files>
</project-private>
