<?xml version="1.0" encoding="UTF-8"?>
<project-private xmlns="http://www.netbeans.org/ns/project-private/1">
    <editor-bookmarks xmlns="http://www.netbeans.org/ns/editor-bookmarks/2" lastBookmarkId="0"/>
    <open-files xmlns="http://www.netbeans.org/ns/projectui-open-files/2">
        <group>
            <file>file:/C:/Users/tiwi/Documents/Gegevenstechnologie/labo/11-JDBC/FilmWeb/web/index.xhtml</file>
            <file>file:/C:/Users/tiwi/Documents/Gegevenstechnologie/labo/11-JDBC/FilmWeb/src/java/be/iii/film/Persoon.java</file>
            <file>file:/C:/Users/tiwi/Documents/Gegevenstechnologie/labo/11-JDBC/FilmWeb/src/java/be/iii/film/PersoonDAO.java</file>
            <file>file:/C:/Users/tiwi/Documents/Gegevenstechnologie/labo/11-JDBC/FilmWeb/src/java/be/iii/film/data/PersoonDAODummy.java</file>
            <file>file:/C:/Users/tiwi/Documents/Gegevenstechnologie/labo/11-JDBC/FilmWeb/web/WEB-INF/faces-config.xml</file>
            <file>file:/C:/Users/tiwi/Documents/Gegevenstechnologie/labo/11-JDBC/FilmWeb/src/java/be/iii/film/data/jdbc/PersoonDAOJDBC.java</file>
            <file>file:/C:/Users/tiwi/Documents/Gegevenstechnologie/labo/11-JDBC/FilmWeb/src/java/be/iii/film/PersoonData.java</file>
        </group>
    </open-files>
</project-private>
