<?xml version="1.0" encoding="UTF-8"?>
<project-private xmlns="http://www.netbeans.org/ns/project-private/1">
    <editor-bookmarks xmlns="http://www.netbeans.org/ns/editor-bookmarks/1"/>
    <editor-bookmarks xmlns="http://www.netbeans.org/ns/editor-bookmarks/2" lastBookmarkId="0"/>
    <open-files xmlns="http://www.netbeans.org/ns/projectui-open-files/2">
        <group>
            <file>file:/C:/Users/vongenae/Documents/Gegevenstechnologie/archief/labo%201516/9-JDBC/ClassicModelsJDBC/src/data/IDataStorage.java</file>
            <file>file:/C:/Users/vongenae/Documents/Gegevenstechnologie/archief/labo%201516/9-JDBC/ClassicModelsJDBC/src/consoleapplicatie/Testprogramma.java</file>
            <file>file:/C:/Users/vongenae/Documents/Gegevenstechnologie/archief/labo%201516/9-JDBC/ClassicModelsJDBC/src/data/ICustomer.java</file>
            <file>file:/C:/Users/vongenae/Documents/Gegevenstechnologie/archief/labo%201516/9-JDBC/ClassicModelsJDBC/src/data/jdbc/JDBCDataStorage.java</file>
            <file>file:/C:/Users/vongenae/Documents/Gegevenstechnologie/archief/labo%201516/9-JDBC/ClassicModelsJDBC/src/data/DataExceptie.java</file>
        </group>
    </open-files>
</project-private>
