<?xml version="1.0" encoding="UTF-8"?>
<project-private xmlns="http://www.netbeans.org/ns/project-private/1">
    <editor-bookmarks xmlns="http://www.netbeans.org/ns/editor-bookmarks/1"/>
    <editor-bookmarks xmlns="http://www.netbeans.org/ns/editor-bookmarks/2" lastBookmarkId="0"/>
    <open-files xmlns="http://www.netbeans.org/ns/projectui-open-files/2">
        <group>
            <file>file:/C:/Users/vongenae/Documents/Gegevenstechnologie/labo/6-SAX-JAXB/Straten/src/stratenPerStadsdeel.xsd</file>
            <file>file:/C:/Users/vongenae/Documents/Gegevenstechnologie/labo/6-SAX-JAXB/Straten/src/straten/BouwStadsdelen.java</file>
            <file>file:/C:/Users/vongenae/Documents/Gegevenstechnologie/labo/6-SAX-JAXB/Straten/src/straten/StratenSAX.java</file>
            <file>file:/C:/Users/vongenae/Documents/Gegevenstechnologie/labo/6-SAX-JAXB/Straten/src/straten/StratenHandler.java</file>
        </group>
    </open-files>
</project-private>
