<?xml version='1.0' encoding='UTF-8' ?>
<schemas xmlns='http://xml.netbeans.org/schema/JAXBWizConfig' destdir='build/generated-sources/jaxb' projectName='Straten' version='1.0'>
	<schema type='-xmlschema' package='straten.stadsdeel.jaxb' name='stratenPerStadsdeel'>
		<xjc-options>
		</xjc-options>
		<schema-sources>
			<schema-source location='xml-resources/jaxb/stratenPerStadsdeel/stratenPerStadsdeel.xsd' origLocation='src/stratenPerStadsdeel.xsd'/>
		</schema-sources>
		<bindings>
		</bindings>
		<catalog/>
	</schema>
</schemas>
