<?xml version='1.0' encoding='UTF-8'?>
<faces-config version="2.2"
              xmlns="http://xmlns.jcp.org/xml/ns/javaee"
              xmlns:xsi="http://www.w3.org/2001/XMLSchema-instance"
              xsi:schemaLocation="http://xmlns.jcp.org/xml/ns/javaee http://xmlns.jcp.org/xml/ns/javaee/web-facesconfig_2_2.xsd">
<managed-bean>
    <managed-bean-name>persoonDao</managed-bean-name>
    <managed-bean-class>be.iii.film.data.jdbc.PersoonDAOJDBC</managed-bean-class>
    <managed-bean-scope>session</managed-bean-scope>
</managed-bean>
<managed-bean>
    <managed-bean-name>persoonData</managed-bean-name>
    <managed-bean-class>be.iii.film.PersoonData</managed-bean-class>
    <managed-bean-scope>session</managed-bean-scope>
    <managed-property>
        <property-name>dao</property-name>
        <value>#{persoonDao}</value>
    </managed-property>
</managed-bean>
<managed-bean>
    <managed-bean-name>persoon</managed-bean-name>
    <managed-bean-class>be.iii.film.Persoon</managed-bean-class>
    <managed-bean-scope>request</managed-bean-scope>
    <managed-property>
        <property-name>data</property-name>
        <value>#{persoonData}</value>
    </managed-property>
</managed-bean>
</faces-config>
